Episode;AvgDrag;AvgLift;AvgRecircArea
1;-0.1604471653699875;-0.023734357208013535;0.01071926485747099
2;-0.15996917797459495;0.007009105877434285;0.011312716152564978
