Episode;AvgDrag;AvgLift;AvgRecircArea
1;-0.1604471653699875;-0.023734357208013535;0.01071926485747099
