Episode;AvgDrag;AvgLift;AvgRecircArea
1;-0.1604471653699875;-0.023734357208013535;0.01071926485747099
2;-0.16549946479591324;-0.0013892354356748995;0.009438799435019862
3;-0.1560781404559995;0.01157914911034845;0.013215907998383045
